City_ID,City,Country,Date,Lat,Lng,Max Temp,Humidity,Cloudiness,Wind Speed,Current Description,Rain inches (last 3 hrs),Snow inches (last 3 hrs)
0,Aras,ES,2020-03-01 16:40:41,42.56,-2.36,64.4,34,98,13.87,overcast clouds,0.0,0.0
1,Butaritari,KI,2020-03-01 16:40:41,3.07,172.79,83.16,80,69,21.0,light rain,0.19,0.0
2,Port Alfred,ZA,2020-03-01 16:40:42,-33.59,26.89,69.01,84,0,5.01,clear sky,0.0,0.0
3,Naryan-Mar,RU,2020-03-01 16:40:42,67.67,53.09,15.57,93,100,16.78,light snow,0.0,0.31
4,Umm Lajj,SA,2020-03-01 16:40:42,25.02,37.27,64.71,57,0,11.9,clear sky,0.0,0.0
5,Georgetown,MY,2020-03-01 16:37:54,5.41,100.34,84.2,88,20,1.95,few clouds,0.0,0.0
6,Rikitea,PF,2020-03-01 16:40:42,-23.12,-134.97,80.19,80,100,12.1,light rain,1.69,0.0
7,Ribeira Grande,PT,2020-03-01 16:40:42,38.52,-28.7,64.4,88,75,23.04,broken clouds,0.0,0.0
8,Hermanus,ZA,2020-03-01 16:40:43,-34.42,19.23,73.99,73,50,11.01,scattered clouds,0.0,0.0
9,Mataura,NZ,2020-03-01 16:40:43,-46.19,168.86,52.0,92,56,1.99,broken clouds,0.0,0.0
10,Canico,PT,2020-03-01 16:40:43,32.63,-16.85,69.01,77,40,3.36,scattered clouds,0.0,0.0
11,Fallon,US,2020-03-01 16:40:43,39.47,-118.78,30.99,92,90,13.87,light snow,0.0,0.0
12,Vila Franca Do Campo,PT,2020-03-01 16:40:44,37.72,-25.43,64.4,77,40,23.04,scattered clouds,0.0,0.0
13,Busselton,AU,2020-03-01 16:40:44,-33.65,115.33,61.0,38,0,15.01,clear sky,0.0,0.0
14,Leningradskiy,RU,2020-03-01 16:40:44,69.38,178.42,-1.5,86,100,18.88,overcast clouds,0.0,0.0
15,Labuhan,ID,2020-03-01 16:40:44,-6.88,112.21,75.16,94,100,3.15,overcast clouds,0.0,0.0
16,Cayenne,GF,2020-03-01 16:40:45,4.93,-52.33,84.2,70,75,10.29,broken clouds,0.0,0.0
17,Mahebourg,MU,2020-03-01 16:36:39,-20.41,57.7,81.0,88,40,2.24,scattered clouds,0.0,0.0
18,Ushuaia,AR,2020-03-01 16:36:14,-54.8,-68.3,55.4,54,75,18.34,broken clouds,0.0,0.0
19,Saldanha,ZA,2020-03-01 16:40:45,-33.01,17.94,78.8,39,5,5.82,clear sky,0.0,0.0
20,Yellowknife,CA,2020-03-01 16:40:27,62.46,-114.35,-20.0,73,20,6.93,few clouds,0.0,0.0
21,Qaanaaq,GL,2020-03-01 16:40:46,77.48,-69.36,-23.75,61,31,7.27,scattered clouds,0.0,0.0
22,Jamestown,US,2020-03-01 16:40:46,42.1,-79.24,35.01,68,1,6.93,clear sky,0.0,0.0
23,Barrow,US,2020-03-01 16:40:46,71.29,-156.79,-18.4,75,1,12.75,clear sky,0.0,0.0
24,Torbay,CA,2020-03-01 16:40:47,47.67,-52.73,30.0,73,90,17.22,light snow,0.0,0.0
25,Airai,TL,2020-03-01 16:40:47,-8.93,125.41,68.07,83,100,5.5,overcast clouds,0.0,0.0
26,Avarua,CK,2020-03-01 16:40:47,-21.21,-159.78,78.8,88,52,5.82,light rain,1.06,0.0
27,Kamsack,CA,2020-03-01 16:40:47,51.57,-101.9,23.0,85,90,26.4,mist,0.0,0.0
28,Meulaboh,ID,2020-03-01 16:40:48,4.14,96.13,85.5,69,75,2.68,broken clouds,0.0,0.0
29,Beringovskiy,RU,2020-03-01 16:40:48,63.05,179.32,-5.64,86,0,8.86,clear sky,0.0,0.0
30,Punta Arenas,CL,2020-03-01 16:40:48,-53.15,-70.92,60.8,51,40,17.22,scattered clouds,0.0,0.0
31,Kruisfontein,ZA,2020-03-01 16:40:48,-34.0,24.73,67.32,85,0,6.08,clear sky,0.0,0.0
32,Bredasdorp,ZA,2020-03-01 16:40:48,-34.53,20.04,73.99,56,40,11.41,scattered clouds,0.0,0.0
33,Puerto Escondido,MX,2020-03-01 16:40:49,15.85,-97.07,84.2,89,5,5.82,clear sky,0.0,0.0
34,Bluff,NZ,2020-03-01 16:40:49,-46.6,168.33,52.0,92,56,4.56,broken clouds,0.0,0.0
35,Mount Gambier,AU,2020-03-01 16:40:49,-37.83,140.77,53.6,81,75,16.11,broken clouds,0.0,0.0
36,New Norfolk,AU,2020-03-01 16:40:49,-42.78,147.06,54.0,93,90,17.22,moderate rain,0.0,0.0
37,Carnarvon,AU,2020-03-01 16:40:49,-24.87,113.63,78.8,88,0,10.29,clear sky,0.0,0.0
38,Hobart,AU,2020-03-01 16:39:39,-42.88,147.33,54.0,93,90,17.22,moderate rain,0.0,0.0
39,Chuka,KE,2020-03-01 16:40:50,-0.33,37.65,68.34,81,100,6.78,light rain,1.94,0.0
40,Marsh Harbour,BS,2020-03-01 16:40:50,26.54,-77.06,67.3,56,22,16.35,few clouds,0.0,0.0
41,Metu,ET,2020-03-01 16:40:50,8.3,35.58,72.07,28,89,3.31,overcast clouds,0.0,0.0
42,Presidencia Roque Saenz Pena,AR,2020-03-01 16:40:50,-26.79,-60.44,93.38,18,0,7.63,clear sky,0.0,0.0
43,Yongan,CN,2020-03-01 16:40:51,39.7,113.69,21.58,31,6,4.68,clear sky,0.0,0.0
44,Beyneu,KZ,2020-03-01 16:40:51,45.32,55.2,42.55,74,100,11.86,overcast clouds,0.0,0.0
45,Cape Town,ZA,2020-03-01 16:38:52,-33.93,18.42,71.01,72,49,18.34,scattered clouds,0.0,0.0
46,Port Elizabeth,ZA,2020-03-01 16:40:51,-33.92,25.57,73.4,73,0,19.46,clear sky,0.0,0.0
47,Iqaluit,CA,2020-03-01 16:37:49,63.75,-68.51,-16.01,68,20,11.41,few clouds,0.0,0.0
48,Barra Patuca,HN,2020-03-01 16:40:52,15.8,-84.28,78.1,74,90,12.46,light rain,0.25,0.0
49,Eyl,SO,2020-03-01 16:40:52,7.98,49.82,77.49,79,0,19.37,clear sky,0.0,0.0
50,Severnoye,RU,2020-03-01 16:40:52,56.35,78.36,27.59,86,100,10.0,overcast clouds,0.0,0.0
51,Kavieng,PG,2020-03-01 16:40:53,-2.57,150.8,83.7,72,43,1.41,moderate rain,4.31,0.0
52,Nelson Bay,AU,2020-03-01 16:39:45,-32.72,152.15,73.99,88,70,3.36,broken clouds,0.0,0.0
53,Vaini,TO,2020-03-01 16:40:53,-21.2,-175.2,78.8,83,20,9.17,few clouds,0.0,0.0
54,Novita,CO,2020-03-01 16:40:53,4.96,-76.61,86.5,63,84,2.71,light rain,1.13,0.0
55,Lulea,SE,2020-03-01 16:40:53,65.58,22.15,17.6,85,75,5.82,broken clouds,0.0,0.0
56,Atuona,PF,2020-03-01 16:40:54,-9.8,-139.03,82.0,77,36,18.79,scattered clouds,0.0,0.0
57,Gizo,SB,2020-03-01 16:40:54,-8.1,156.84,76.48,85,7,5.32,clear sky,0.0,0.0
58,Akyab,MM,2020-03-01 16:40:54,20.15,92.9,70.48,75,0,4.34,clear sky,0.0,0.0
59,Sechura,PE,2020-03-01 16:40:54,-5.56,-80.82,75.58,86,100,10.8,overcast clouds,0.0,0.0
60,Paragominas,BR,2020-03-01 16:40:55,-2.97,-47.48,90.12,58,13,2.59,light rain,0.5,0.0
61,Rabo De Peixe,PT,2020-03-01 16:40:55,37.8,-25.58,64.4,77,40,23.04,scattered clouds,0.0,0.0
62,Tuktoyaktuk,CA,2020-03-01 16:40:55,69.45,-133.04,-29.2,66,40,2.24,scattered clouds,0.0,0.0
63,Chokurdakh,RU,2020-03-01 16:40:56,70.63,147.92,-5.44,90,8,11.12,clear sky,0.0,0.0
64,Bahia De Caraquez,EC,2020-03-01 16:40:56,-0.6,-80.42,78.8,94,90,6.93,light intensity drizzle,0.0,0.0
65,Matara,LK,2020-03-01 16:40:56,5.95,80.54,76.46,82,18,7.94,few clouds,0.0,0.0
66,Khatanga,RU,2020-03-01 16:40:56,71.97,102.5,7.77,77,100,12.37,overcast clouds,0.0,0.0
67,Saint George,US,2020-03-01 16:36:54,37.1,-113.58,51.8,37,1,3.36,clear sky,0.0,0.0
68,Dikson,RU,2020-03-01 16:40:57,73.51,80.55,21.97,92,100,29.39,light snow,0.0,1.06
69,Miraflores,MX,2020-03-01 16:40:57,19.22,-98.81,75.2,34,5,4.7,clear sky,0.0,0.0
70,Glens Falls,US,2020-03-01 16:36:32,43.31,-73.64,32.0,53,1,5.12,clear sky,0.0,0.0
71,Palmer,US,2020-03-01 16:40:57,42.16,-72.33,33.01,33,20,19.46,few clouds,0.0,0.0
72,Taoudenni,ML,2020-03-01 16:40:58,22.68,-3.98,84.54,7,0,9.31,clear sky,0.0,0.0
73,Nanortalik,GL,2020-03-01 16:40:58,60.14,-45.24,20.77,57,0,34.25,clear sky,0.0,0.0
74,Ilulissat,GL,2020-03-01 16:40:58,69.22,-51.1,-11.2,47,0,4.7,clear sky,0.0,0.0
75,Elizabeth City,US,2020-03-01 16:40:58,36.29,-76.25,46.4,41,1,3.36,clear sky,0.0,0.0
76,Si Bun Ruang,TH,2020-03-01 16:40:58,16.97,102.28,77.77,56,17,1.86,few clouds,0.0,0.0
77,Castro,BR,2020-03-01 16:40:58,-24.79,-50.01,71.35,83,19,3.6,light rain,2.38,0.0
78,Bellefontaine,US,2020-03-01 16:36:45,40.36,-83.76,44.01,59,1,16.11,light rain,0.0,0.0
79,Santa Maria Do Suacui,BR,2020-03-01 16:40:59,-18.19,-42.41,76.3,90,87,4.21,moderate rain,4.13,0.0
80,Puerto Ayora,EC,2020-03-01 16:40:59,-0.74,-90.35,86.0,66,20,11.41,few clouds,0.0,0.0
81,Katsuura,JP,2020-03-01 16:40:59,35.13,140.3,52.0,76,75,21.92,light rain,0.0,0.0
82,Hilo,US,2020-03-01 16:41:00,19.73,-155.09,64.4,88,75,3.36,light rain,0.0,0.0
83,Namibe,AO,2020-03-01 16:41:00,-15.2,12.15,75.38,80,4,14.34,clear sky,0.0,0.0
84,Ngaoundere,CM,2020-03-01 16:41:00,7.32,13.58,89.6,11,96,9.17,overcast clouds,0.0,0.0
85,Upernavik,GL,2020-03-01 16:41:00,72.79,-56.15,-25.37,83,0,3.2,clear sky,0.0,0.0
86,Chuy,UY,2020-03-01 16:41:00,-33.7,-53.46,83.43,42,0,10.16,clear sky,0.0,0.0
87,Manadhoo,MV,2020-03-01 16:41:01,5.77,73.38,82.47,76,35,12.41,scattered clouds,0.0,0.0
88,Novyy Urgal,RU,2020-03-01 16:41:01,51.07,132.56,1.76,98,45,1.97,scattered clouds,0.0,0.0
89,Sangar,RU,2020-03-01 16:41:01,63.92,127.47,-9.26,88,0,2.8,clear sky,0.0,0.0
90,Port Washington,US,2020-03-01 16:40:51,40.83,-73.7,39.0,40,20,14.99,few clouds,0.0,0.0
91,Vila Velha,BR,2020-03-01 16:41:01,-20.33,-40.29,84.2,74,40,12.75,scattered clouds,0.0,0.0
92,Lavrentiya,RU,2020-03-01 16:41:02,65.58,-171.0,-7.89,81,0,7.02,clear sky,0.0,0.0
93,Holzminden,DE,2020-03-01 16:41:02,51.83,9.45,50.0,77,75,11.41,broken clouds,0.0,0.0
94,Fortuna,US,2020-03-01 16:41:02,40.6,-124.16,45.0,47,1,13.87,clear sky,0.0,0.0
95,Waipawa,NZ,2020-03-01 16:41:02,-41.41,175.52,60.8,77,100,3.36,overcast clouds,0.0,0.0
96,Lorengau,PG,2020-03-01 16:41:03,-2.02,147.27,81.77,83,99,10.11,moderate rain,3.94,0.0
97,Muros,ES,2020-03-01 16:41:03,42.78,-9.06,59.0,93,90,10.29,light rain,0.0,0.0
98,Esperance,AU,2020-03-01 16:39:11,-33.87,121.9,59.0,77,90,11.41,overcast clouds,0.0,0.0
99,San Andres,CO,2020-03-01 16:38:15,12.58,-81.7,84.2,74,20,12.75,few clouds,0.0,0.0
100,Albany,US,2020-03-01 16:41:03,42.6,-73.97,33.01,39,20,11.41,few clouds,0.0,0.0
101,Tupik,RU,2020-03-01 16:41:04,54.43,119.93,-3.26,98,96,3.13,overcast clouds,0.0,0.0
102,Saint-Philippe,RE,2020-03-01 16:41:04,-21.36,55.77,80.6,83,40,3.36,scattered clouds,0.0,0.0
103,Provideniya,RU,2020-03-01 16:41:04,64.38,-173.3,-8.21,88,0,13.87,clear sky,0.0,0.0
104,Saint-Louis,SN,2020-03-01 16:41:04,16.33,-15.0,100.4,8,11,2.24,few clouds,0.0,0.0
105,Vao,NC,2020-03-01 16:41:05,-22.67,167.48,79.68,84,100,12.21,overcast clouds,0.0,0.0
106,Nikolskoye,RU,2020-03-01 16:41:05,59.7,30.79,36.0,100,75,15.66,broken clouds,0.0,0.0
107,Murray Bridge,AU,2020-03-01 16:41:05,-35.12,139.27,64.0,98,100,4.0,overcast clouds,0.0,0.0
108,Srednekolymsk,RU,2020-03-01 16:41:05,67.45,153.68,-3.15,93,8,5.68,clear sky,0.0,0.0
109,Skibbereen,IE,2020-03-01 16:41:06,51.55,-9.27,44.6,70,20,12.75,few clouds,0.0,0.0
110,Touros,BR,2020-03-01 16:41:06,-5.2,-35.46,77.0,88,75,11.41,shower rain,0.0,0.0
111,Marawi,PH,2020-03-01 16:41:06,8.0,124.29,78.01,83,75,0.78,broken clouds,0.0,0.0
112,Lebu,CL,2020-03-01 16:41:06,-37.62,-73.65,73.99,50,3,5.03,clear sky,0.0,0.0
113,Thompson,CA,2020-03-01 16:41:06,55.74,-97.86,15.8,92,90,10.29,light snow,0.0,0.0
114,Kapaa,US,2020-03-01 16:41:07,22.08,-159.32,69.8,83,75,21.92,heavy intensity rain,0.0,0.0
115,Beloha,MG,2020-03-01 16:41:07,-25.17,45.05,67.06,86,25,9.1,scattered clouds,0.0,0.0
116,Sirvintos,LT,2020-03-01 16:41:07,55.05,24.95,44.6,81,75,11.41,broken clouds,0.0,0.0
117,Ukiah,US,2020-03-01 16:41:07,39.15,-123.21,48.0,80,90,3.36,overcast clouds,0.0,0.0
118,Moree,AU,2020-03-01 16:41:07,-29.47,149.85,73.4,64,46,8.66,scattered clouds,0.0,0.0
119,Teknaf,BD,2020-03-01 16:41:08,20.86,92.31,59.2,86,0,1.14,clear sky,0.0,0.0
120,Baracoa,CU,2020-03-01 16:41:08,20.35,-74.5,72.01,73,91,17.63,light rain,0.25,0.0
121,Victoria,HK,2020-03-01 16:39:10,22.29,114.16,75.0,73,19,2.24,few clouds,0.0,0.0
122,Mogadishu,SO,2020-03-01 16:41:08,2.04,45.34,81.12,78,86,22.53,overcast clouds,0.0,0.0
123,Poum,NC,2020-03-01 16:41:08,-20.23,164.02,82.4,82,100,14.52,light rain,0.44,0.0
124,Tasiilaq,GL,2020-03-01 16:41:09,65.61,-37.64,21.2,73,100,5.82,light shower snow,0.0,0.0
125,Fort Nelson,CA,2020-03-01 16:41:09,58.81,-122.7,-0.4,77,75,2.24,broken clouds,0.0,0.0
126,Cabo San Lucas,MX,2020-03-01 16:40:18,22.89,-109.91,84.0,29,5,4.7,clear sky,0.0,0.0
127,Coquimbo,CL,2020-03-01 16:41:09,-29.95,-71.34,64.4,77,75,8.05,broken clouds,0.0,0.0
128,Sambava,MG,2020-03-01 16:41:09,-14.27,50.17,74.01,96,28,2.93,light rain,1.0,0.0
129,Senno,RU,2020-03-01 16:41:10,59.53,33.92,34.77,98,100,12.1,snow,0.0,1.81
130,Zhoucheng,CN,2020-03-01 16:41:10,35.91,116.31,46.0,28,96,1.86,overcast clouds,0.0,0.0
131,Bethel,US,2020-03-01 16:41:10,41.37,-73.41,37.0,30,1,11.41,clear sky,0.0,0.0
132,Isangel,VU,2020-03-01 16:41:10,-19.55,169.27,78.57,84,97,9.89,overcast clouds,0.0,0.0
133,Nantucket,US,2020-03-01 16:41:11,41.28,-70.1,36.0,46,1,14.99,clear sky,0.0,0.0
134,Sivas,TR,2020-03-01 16:41:11,39.79,37.0,26.6,86,75,21.92,broken clouds,0.0,0.0
135,Salalah,OM,2020-03-01 16:37:04,17.02,54.09,77.0,73,75,5.82,broken clouds,0.0,0.0
136,Katherine,AU,2020-03-01 16:41:11,-14.47,132.27,78.8,94,100,4.05,light rain,0.44,0.0
137,Bambous Virieux,MU,2020-03-01 16:41:12,-20.34,57.76,80.6,88,40,2.24,scattered clouds,0.0,0.0
138,Saskylakh,RU,2020-03-01 16:41:12,71.92,114.08,5.79,76,97,12.08,overcast clouds,0.0,0.0
139,Harper,LR,2020-03-01 16:41:12,4.38,-7.72,79.75,91,79,4.85,moderate rain,4.94,0.0
140,Juigalpa,NI,2020-03-01 16:41:12,12.11,-85.36,84.2,54,40,11.41,scattered clouds,0.0,0.0
141,Porto Novo,BJ,2020-03-01 16:41:12,6.5,2.6,89.6,75,20,12.75,few clouds,0.0,0.0
142,Fairbanks,US,2020-03-01 16:41:05,64.84,-147.72,10.4,84,90,3.13,overcast clouds,0.0,0.0
143,Faanui,PF,2020-03-01 16:41:13,-16.48,-151.75,81.75,80,97,26.46,light rain,1.0,0.0
144,Den Helder,NL,2020-03-01 16:41:13,52.96,4.76,46.4,81,75,23.04,broken clouds,0.0,0.0
145,Pevek,RU,2020-03-01 16:41:13,69.7,170.31,-4.45,99,100,4.36,light snow,0.0,0.25
146,Ngunguru,NZ,2020-03-01 16:41:14,-35.62,174.5,70.0,91,100,8.99,light rain,0.31,0.0
147,Bubaque,GW,2020-03-01 16:41:14,11.28,-15.83,81.48,72,37,15.88,scattered clouds,0.0,0.0
148,Sur,OM,2020-03-01 16:41:14,22.57,59.53,69.35,66,0,5.84,clear sky,0.0,0.0
149,Sitka,US,2020-03-01 16:41:14,57.05,-135.33,39.2,86,90,14.99,moderate rain,0.0,0.0
150,Buchanan,LR,2020-03-01 16:41:15,5.88,-10.05,83.68,75,20,8.68,few clouds,0.0,0.0
151,Dubti,ET,2020-03-01 16:41:15,11.74,41.09,88.66,23,6,8.23,clear sky,0.0,0.0
152,Lima Duarte,BR,2020-03-01 16:41:15,-21.84,-43.79,77.0,89,97,5.57,light rain,2.38,0.0
153,Laguna,US,2020-03-01 16:41:15,38.42,-121.42,53.01,53,75,8.05,broken clouds,0.0,0.0
154,Van,TR,2020-03-01 16:41:15,38.49,43.38,35.6,93,75,4.7,light rain and snow,0.0,0.0
155,Nome,US,2020-03-01 16:40:20,64.5,-165.41,6.8,55,1,12.75,clear sky,0.0,0.0
156,Kijang,KR,2020-03-01 16:41:16,35.24,129.21,50.0,76,75,1.12,broken clouds,0.0,0.0
157,Sao Joao Da Barra,BR,2020-03-01 16:41:16,-21.64,-41.05,86.0,66,75,15.82,broken clouds,0.0,0.0
158,Kantang,TH,2020-03-01 16:41:17,7.41,99.52,72.79,90,70,3.38,broken clouds,0.0,0.0
159,Bandarbeyla,SO,2020-03-01 16:41:17,9.49,50.81,77.4,73,98,14.38,overcast clouds,0.0,0.0
160,San Carlos Del Zulia,VE,2020-03-01 16:41:17,9.0,-71.91,93.34,41,63,2.64,broken clouds,0.0,0.0
161,Gutierrez,CO,2020-03-01 16:41:17,4.25,-74.0,86.0,51,40,3.36,haze,0.0,0.0
162,Tashtyp,RU,2020-03-01 16:41:17,52.79,89.9,22.37,96,100,3.67,light snow,0.0,0.13
163,Le Port,RE,2020-03-01 16:41:18,-20.94,55.29,80.6,88,90,6.93,overcast clouds,0.0,0.0
164,Marzuq,YE,2020-03-01 16:41:18,14.4,46.47,68.16,53,0,4.41,clear sky,0.0,0.0
165,Tiksi,RU,2020-03-01 16:41:18,71.69,128.87,-6.54,88,0,11.48,clear sky,0.0,0.0
166,Faya,SA,2020-03-01 16:41:18,18.39,42.45,64.4,59,0,8.05,clear sky,0.0,0.0
167,Longyearbyen,SJ,2020-03-01 16:41:19,78.22,15.64,-4.0,76,20,1.43,few clouds,0.0,0.0
168,Partanna,IT,2020-03-01 16:41:19,37.73,12.89,68.0,63,20,11.41,few clouds,0.0,0.0
169,Lodja,CD,2020-03-01 16:41:19,-3.48,23.43,74.26,81,95,2.89,light rain,0.19,0.0
170,Evensk,RU,2020-03-01 16:41:19,61.95,159.23,4.05,57,0,8.5,clear sky,0.0,0.0
171,Dingle,PH,2020-03-01 16:41:19,11.0,122.67,72.41,85,0,11.39,clear sky,0.0,0.0
172,Zhangjiakou,CN,2020-03-01 16:41:20,40.81,114.88,19.38,43,0,1.99,clear sky,0.0,0.0
173,Phonhong,LA,2020-03-01 16:41:20,18.5,102.42,78.8,65,20,2.24,mist,0.0,0.0
174,Ritchie,ZA,2020-03-01 16:41:20,-29.04,24.6,69.8,73,100,8.05,light rain,1.0,0.0
175,Ayorou,NE,2020-03-01 16:41:20,14.73,0.92,82.18,9,94,3.18,overcast clouds,0.0,0.0
176,Nerchinskiy Zavod,RU,2020-03-01 16:41:20,51.31,119.61,0.52,97,100,2.42,light snow,0.0,0.19
177,Tacoronte,ES,2020-03-01 16:41:21,28.48,-16.41,70.0,72,20,14.99,few clouds,0.0,0.0
178,Deputatskiy,RU,2020-03-01 16:41:21,69.3,139.9,-7.19,71,58,5.84,broken clouds,0.0,0.0
179,Half Moon Bay,US,2020-03-01 16:41:21,37.46,-122.43,50.0,70,75,5.82,broken clouds,0.0,0.0
180,Diffa,NE,2020-03-01 16:41:21,13.32,12.61,83.98,14,40,6.13,scattered clouds,0.0,0.0
181,Acarau,BR,2020-03-01 16:41:22,-2.89,-40.12,83.62,75,100,7.61,light rain,2.56,0.0
182,Tomatlan,MX,2020-03-01 16:41:22,19.93,-105.25,93.76,26,9,3.87,clear sky,0.0,0.0
183,Krasnoselkup,RU,2020-03-01 16:41:22,65.7,82.47,29.3,96,100,19.13,light snow,0.0,0.75
184,Hithadhoo,MV,2020-03-01 16:41:22,-0.6,73.08,83.07,76,27,9.62,scattered clouds,0.0,0.0
185,Nikki,BJ,2020-03-01 16:41:22,9.94,3.21,94.75,14,23,5.44,few clouds,0.0,0.0
186,Klaksvik,FO,2020-03-01 16:41:23,62.23,-6.59,35.6,80,100,27.51,light snow,0.0,0.13
187,East London,ZA,2020-03-01 16:41:23,-33.02,27.91,73.4,78,0,16.11,clear sky,0.0,0.0
188,Talnakh,RU,2020-03-01 16:41:23,69.49,88.4,17.6,85,90,49.21,overcast clouds,0.0,0.0
189,Belaya Gora,RU,2020-03-01 16:41:23,68.53,146.42,-9.2,81,32,0.74,scattered clouds,0.0,0.0
190,Bathsheba,BB,2020-03-01 16:41:23,13.22,-59.52,84.2,58,20,17.22,few clouds,0.0,0.0
191,Auray,FR,2020-03-01 16:41:24,47.67,-2.99,51.01,75,27,12.75,light rain,0.31,0.0
192,Najran,SA,2020-03-01 16:41:24,17.49,44.13,84.2,21,0,5.82,clear sky,0.0,0.0
193,Buala,SB,2020-03-01 16:41:24,-8.14,159.59,81.91,77,35,5.19,light rain,0.56,0.0
194,Hofn,IS,2020-03-01 16:41:24,64.25,-15.21,37.4,64,90,26.4,light intensity shower rain,0.0,0.0
195,Ternate,ID,2020-03-01 16:41:24,0.8,127.4,75.45,93,98,3.33,overcast clouds,0.0,0.0
196,Rawson,AR,2020-03-01 16:39:34,-43.3,-65.1,70.36,57,18,16.31,few clouds,0.0,0.0
197,Souillac,MU,2020-03-01 16:41:25,-20.52,57.52,80.6,88,40,2.24,scattered clouds,0.0,0.0
198,Qaqortoq,GL,2020-03-01 16:41:25,60.72,-46.03,8.6,32,0,38.7,clear sky,0.0,0.0
199,Lebedinyy,RU,2020-03-01 16:41:25,58.52,125.52,-3.71,99,100,3.69,light snow,0.0,0.13
200,Pochutla,MX,2020-03-01 16:41:25,15.74,-96.47,84.2,54,5,8.05,clear sky,0.0,0.0
201,Hamilton,US,2020-03-01 16:40:30,39.18,-84.53,50.0,41,1,5.82,clear sky,0.0,0.0
202,Vardo,NO,2020-03-01 16:41:26,70.37,31.11,24.8,85,75,9.17,light snow,0.0,0.0
203,Richards Bay,ZA,2020-03-01 16:41:26,-28.78,32.04,74.23,68,33,18.59,scattered clouds,0.0,0.0
204,Teavaro,PF,2020-03-01 16:41:26,-17.5,-149.77,78.8,88,75,16.11,shower rain,0.0,0.0
205,Ponta Do Sol,PT,2020-03-01 16:41:27,32.67,-17.1,69.01,77,40,3.36,scattered clouds,0.0,0.0
206,Ankang,CN,2020-03-01 16:41:27,32.68,109.02,46.99,51,99,7.0,overcast clouds,0.0,0.0
207,Astaneh-Ye Ashrafiyeh,IR,2020-03-01 16:41:27,37.26,49.94,48.2,100,90,9.17,moderate rain,0.0,0.0
208,Luderitz,NA,2020-03-01 16:41:27,-26.65,15.16,73.4,73,6,10.29,clear sky,0.0,0.0
209,Alice Springs,AU,2020-03-01 16:38:38,-23.7,133.88,77.0,53,75,16.11,broken clouds,0.0,0.0
210,Cabra,ES,2020-03-01 16:41:28,37.47,-4.44,62.6,63,90,10.29,overcast clouds,0.0,0.0
211,College,US,2020-03-01 16:41:28,64.86,-147.8,10.4,84,90,5.03,overcast clouds,0.0,0.0
212,La Rioja,ES,2020-03-01 16:41:28,42.25,-2.5,64.4,34,51,13.87,light rain,0.19,0.0
213,Saint-Leu,RE,2020-03-01 16:41:28,-21.15,55.28,80.6,83,75,3.36,broken clouds,0.0,0.0
214,Santa Cruz,BO,2020-03-01 16:41:28,-17.8,-63.17,91.4,36,14,13.87,few clouds,0.0,0.0
215,Puerto Narino,CO,2020-03-01 16:41:29,-3.77,-70.38,80.6,94,75,4.7,light rain,0.0,0.0
216,Poltsamaa,EE,2020-03-01 16:41:29,58.65,25.97,39.99,80,37,10.29,light rain,0.13,0.0
217,Ejido,VE,2020-03-01 16:41:29,8.55,-71.24,55.18,87,98,3.67,light rain,0.19,0.0
218,Fort-Shevchenko,KZ,2020-03-01 16:41:29,44.51,50.26,37.89,75,100,16.44,overcast clouds,0.0,0.0
219,Son La,VN,2020-03-01 16:40:12,21.32,103.9,68.32,81,38,1.41,scattered clouds,0.0,0.0
220,Kodiak,US,2020-03-01 16:41:30,57.79,-152.41,37.4,69,75,12.75,broken clouds,0.0,0.0
221,Tual,ID,2020-03-01 16:41:30,-5.67,132.75,82.36,76,83,2.98,broken clouds,0.0,0.0
222,Narsaq,GL,2020-03-01 16:41:30,60.92,-46.05,8.6,32,0,2.98,clear sky,0.0,0.0
223,Cidreira,BR,2020-03-01 16:41:31,-30.18,-50.21,74.52,66,0,11.59,clear sky,0.0,0.0
224,Pangnirtung,CA,2020-03-01 16:41:31,66.15,-65.71,-18.33,83,15,2.21,few clouds,0.0,0.0
225,Lazaro Cardenas,MX,2020-03-01 16:41:31,17.96,-102.2,86.56,50,0,6.02,clear sky,0.0,0.0
226,Xiaolingwei,CN,2020-03-01 16:41:32,32.03,118.85,48.0,81,90,6.71,mist,0.0,0.0
227,Oktyabrskiy,RU,2020-03-01 16:41:32,54.48,53.47,20.53,89,74,5.99,broken clouds,0.0,0.0
228,San Cristobal,VE,2020-03-01 16:41:32,7.77,-72.22,80.6,65,40,5.82,scattered clouds,0.0,0.0
229,Si Satchanalai,TH,2020-03-01 16:41:32,17.52,99.76,87.01,47,0,0.4,clear sky,0.0,0.0
230,Pisco,PE,2020-03-01 16:41:33,-13.7,-76.22,77.0,30,71,8.05,haze,0.0,0.0
231,Giovinazzo,IT,2020-03-01 16:41:33,41.19,16.67,64.0,72,100,11.41,overcast clouds,0.0,0.0
232,Dwarka,IN,2020-03-01 16:41:33,22.24,68.97,75.51,76,0,11.07,clear sky,0.0,0.0
233,Tommot,RU,2020-03-01 16:41:33,58.96,126.29,-3.39,99,100,0.31,light snow,0.0,0.13
234,Ankazoabo,MG,2020-03-01 16:41:33,-22.28,44.52,66.15,78,5,11.63,clear sky,0.0,0.0
235,Okato,NZ,2020-03-01 16:41:34,-39.2,173.88,63.0,68,100,3.0,overcast clouds,0.0,0.0
236,La Ronge,CA,2020-03-01 16:41:34,55.1,-105.28,5.0,77,90,16.11,light snow,0.0,0.0
237,Nuuk,GL,2020-03-01 16:41:34,64.18,-51.72,8.6,55,0,12.75,clear sky,0.0,0.0
238,Kahului,US,2020-03-01 16:41:34,20.89,-156.47,68.0,82,75,13.87,broken clouds,0.0,0.0
239,Salamiyah,SY,2020-03-01 16:41:34,35.01,37.05,47.05,84,8,15.01,clear sky,0.0,0.0
240,Honolulu,US,2020-03-01 16:39:52,21.31,-157.86,71.6,68,20,16.11,few clouds,0.0,0.0
241,Kupang,ID,2020-03-01 16:41:35,-10.17,123.58,84.45,76,100,18.75,moderate rain,4.75,0.0
242,Paamiut,GL,2020-03-01 16:41:35,61.99,-49.67,2.57,65,0,8.86,clear sky,0.0,0.0
243,Avera,US,2020-03-01 16:41:35,33.19,-82.53,60.01,34,1,4.7,clear sky,0.0,0.0
244,Iskateley,RU,2020-03-01 16:41:35,67.68,53.15,15.57,93,100,16.78,light snow,0.0,0.31
245,Kodinsk,RU,2020-03-01 16:41:36,58.69,99.18,0.9,97,12,0.45,few clouds,0.0,0.0
246,Talaya,RU,2020-03-01 16:41:36,61.38,152.75,-12.55,100,80,2.48,broken clouds,0.0,0.0
247,Cap Malheureux,MU,2020-03-01 16:41:36,-19.98,57.61,80.6,88,40,2.24,scattered clouds,0.0,0.0
248,Kieta,PG,2020-03-01 16:41:36,-6.22,155.63,83.28,72,30,2.8,light rain,0.31,0.0
249,Tilichiki,RU,2020-03-01 16:41:36,60.47,166.1,-9.54,87,0,7.05,clear sky,0.0,0.0
250,Palamos,ES,2020-03-01 16:41:37,41.85,3.13,66.2,34,20,18.34,few clouds,0.0,0.0
251,Port Lincoln,AU,2020-03-01 16:41:37,-34.73,135.87,60.87,77,96,21.9,light rain,0.13,0.0
252,Safranbolu,TR,2020-03-01 16:41:37,41.25,32.69,33.73,78,22,3.49,few clouds,0.0,0.0
253,Veraval,IN,2020-03-01 16:41:37,20.9,70.37,67.35,89,0,8.16,clear sky,0.0,0.0
254,Moba,CN,2020-03-01 16:41:37,33.23,105.02,39.33,65,78,3.24,broken clouds,0.0,0.0
255,North Bend,US,2020-03-01 16:41:38,43.41,-124.22,39.0,100,90,5.82,fog,0.0,0.0
256,Chardara,KZ,2020-03-01 16:41:38,41.25,67.97,58.1,50,0,9.73,clear sky,0.0,0.0
257,Shimoda,JP,2020-03-01 16:41:38,34.67,138.95,53.6,81,75,2.24,light rain,0.0,0.0
258,Sladkovo,RU,2020-03-01 16:41:39,55.53,70.34,25.05,92,100,4.45,overcast clouds,0.0,0.0
259,Colquechaca,BO,2020-03-01 16:41:39,-18.67,-66.02,57.18,59,72,8.34,broken clouds,0.0,0.0
260,Kiskore,HU,2020-03-01 16:41:39,47.5,20.5,51.8,62,100,9.17,light rain,0.38,0.0
261,Maningrida,AU,2020-03-01 16:41:39,-12.07,134.27,84.16,78,100,8.79,light rain,0.94,0.0
262,Pleasanton,US,2020-03-01 16:41:40,37.66,-121.87,51.01,75,58,6.55,light rain,0.31,0.0
263,Biloela,AU,2020-03-01 16:41:40,-24.42,150.5,67.33,88,0,3.24,clear sky,0.0,0.0
264,Coruripe,BR,2020-03-01 16:41:40,-10.13,-36.18,84.06,59,5,11.25,clear sky,0.0,0.0
265,Soyo,AO,2020-03-01 16:41:40,-6.13,12.37,86.0,70,20,8.05,few clouds,0.0,0.0
266,Verkhnyaya Khava,RU,2020-03-01 16:41:40,51.84,39.94,41.0,56,86,13.42,overcast clouds,0.0,0.0
267,Zinder,NE,2020-03-01 16:41:41,13.81,8.99,96.8,7,6,4.7,dust,0.0,0.0
268,Khandyga,RU,2020-03-01 16:38:26,62.67,135.6,-8.9,90,0,1.21,clear sky,0.0,0.0
269,Mazagao,BR,2020-03-01 16:41:41,-0.12,-51.29,78.8,100,90,9.17,light rain,0.0,0.0
270,Taksimo,RU,2020-03-01 16:41:41,56.34,114.88,0.84,85,95,2.89,overcast clouds,0.0,0.0
271,Bengkulu,ID,2020-03-01 16:41:42,-3.8,102.27,73.06,93,100,3.53,light rain,0.81,0.0
272,Sena Madureira,BR,2020-03-01 16:41:42,-9.07,-68.66,75.76,79,100,5.01,light rain,0.5,0.0
273,Guerrero Negro,MX,2020-03-01 16:41:42,27.98,-114.06,63.57,64,100,12.86,overcast clouds,0.0,0.0
274,Brasilia De Minas,BR,2020-03-01 16:41:42,-16.21,-44.43,77.34,77,100,4.94,overcast clouds,0.0,0.0
275,Tanete,ID,2020-03-01 16:41:43,-3.94,119.78,76.21,95,100,1.72,overcast clouds,0.0,0.0
276,Aklavik,CA,2020-03-01 16:41:43,68.22,-135.01,-16.6,74,75,5.82,broken clouds,0.0,0.0
277,Oksfjord,NO,2020-03-01 16:41:43,70.24,22.35,26.6,78,100,11.41,light snow,0.0,0.31
278,Ararangua,BR,2020-03-01 16:41:43,-28.93,-49.49,78.01,55,0,11.12,clear sky,0.0,0.0
279,Alofi,NU,2020-03-01 16:41:43,-19.06,-169.92,77.0,94,26,4.7,light rain,0.13,0.0
280,Anchorage,US,2020-03-01 16:41:44,61.22,-149.9,19.99,92,90,6.93,light snow,0.0,0.0
281,Sao Filipe,CV,2020-03-01 16:41:44,14.9,-24.5,74.71,55,4,17.25,clear sky,0.0,0.0
282,Lompoc,US,2020-03-01 16:41:44,34.64,-120.46,55.0,75,20,3.36,few clouds,0.0,0.0
283,Porto Santo,PT,2020-03-01 16:41:44,33.07,-16.34,68.0,82,40,11.41,scattered clouds,0.0,0.0
284,Maues,BR,2020-03-01 16:41:45,-3.38,-57.72,90.91,51,95,3.85,overcast clouds,0.0,0.0
285,Inhambane,MZ,2020-03-01 16:41:45,-23.86,35.38,74.32,69,1,12.88,clear sky,0.0,0.0
286,Bairiki,KI,2020-03-01 16:41:45,1.33,172.98,80.6,88,90,10.29,shower rain,0.0,0.0
287,Kamenka,RU,2020-03-01 16:41:45,51.32,42.77,37.0,72,32,1.01,scattered clouds,0.0,0.0
288,Abu Kamal,SY,2020-03-01 16:41:46,34.45,40.92,56.95,64,44,20.27,scattered clouds,0.0,0.0
289,Hasaki,JP,2020-03-01 16:41:46,35.73,140.83,50.0,71,75,12.75,broken clouds,0.0,0.0
290,Kaitangata,NZ,2020-03-01 16:41:46,-46.28,169.85,57.99,88,67,1.01,broken clouds,0.0,0.0
291,Arraial Do Cabo,BR,2020-03-01 16:41:46,-22.97,-42.03,73.4,94,90,13.87,light intensity drizzle,0.0,0.0
292,Hami,CN,2020-03-01 16:41:46,42.8,93.45,32.94,47,0,2.95,clear sky,0.0,0.0
293,Honningsvag,NO,2020-03-01 16:41:47,70.98,25.97,19.4,73,100,13.87,light snow,0.0,0.12
294,Saint Anthony,US,2020-03-01 16:41:47,45.02,-93.22,46.0,84,1,6.93,clear sky,0.0,0.0
295,Ancud,CL,2020-03-01 16:41:47,-41.87,-73.82,71.6,53,0,6.93,clear sky,0.0,0.0
296,Mar Del Plata,AR,2020-03-01 16:37:23,-38.0,-57.56,80.6,74,0,12.75,clear sky,0.0,0.0
297,Atherton,GB,2020-03-01 16:41:47,53.52,-2.49,46.99,52,69,19.46,light rain,0.31,0.0
298,Grindavik,IS,2020-03-01 16:41:48,63.84,-22.43,37.4,74,90,21.92,shower rain,0.0,0.0
299,Banda Aceh,ID,2020-03-01 16:41:48,5.56,95.32,74.16,91,78,5.3,broken clouds,0.0,0.0
300,Grand Gaube,MU,2020-03-01 16:41:48,-20.01,57.66,80.6,88,40,2.24,scattered clouds,0.0,0.0
301,Constitucion,CL,2020-03-01 16:41:48,-35.33,-72.42,66.36,68,12,7.92,few clouds,0.0,0.0
302,Chongqing,CN,2020-03-01 16:41:48,29.56,106.55,62.01,72,100,6.71,light rain,0.63,0.0
303,Kropotkin,RU,2020-03-01 16:41:49,45.44,40.58,37.67,76,45,7.9,scattered clouds,0.0,0.0
304,Geraldton,AU,2020-03-01 16:41:49,-28.77,114.6,78.8,54,88,21.92,overcast clouds,0.0,0.0
305,Mehamn,NO,2020-03-01 16:41:49,71.04,27.85,19.4,73,87,13.87,overcast clouds,0.0,0.0
306,Gisborne,NZ,2020-03-01 16:41:49,-38.65,178.0,63.0,90,84,1.01,broken clouds,0.0,0.0
307,Fougamou,GA,2020-03-01 16:41:50,-1.22,10.58,78.55,90,87,3.38,light rain,1.94,0.0
308,Okakarara,NA,2020-03-01 16:41:50,-20.58,17.43,66.69,90,85,6.71,light rain,1.25,0.0
309,Gat,IL,2020-03-01 16:41:00,31.61,34.76,60.8,67,40,11.41,scattered clouds,0.0,0.0
310,Diego De Almagro,CL,2020-03-01 16:41:50,-26.37,-70.05,88.34,20,0,15.57,clear sky,0.0,0.0
311,Clyde River,CA,2020-03-01 16:41:51,70.47,-68.59,-25.6,74,20,4.7,few clouds,0.0,0.0
312,Rutul,RU,2020-03-01 16:41:51,41.54,47.42,46.4,70,20,9.17,few clouds,0.0,0.0
313,Nambucca Heads,AU,2020-03-01 16:41:51,-30.65,153.0,75.2,73,1,6.93,clear sky,0.0,0.0
314,Rio Grande,BR,2020-03-01 16:41:51,-32.03,-52.1,86.0,51,20,12.75,few clouds,0.0,0.0
315,Acari,PE,2020-03-01 16:41:51,-15.43,-74.62,76.69,62,29,10.27,scattered clouds,0.0,0.0
316,Tabas,IR,2020-03-01 16:41:52,33.6,56.92,62.6,29,0,4.7,clear sky,0.0,0.0
317,Panacan,PH,2020-03-01 16:41:52,9.25,118.41,80.17,77,0,18.77,clear sky,0.0,0.0
318,Camocim,BR,2020-03-01 16:41:52,-2.9,-40.84,83.64,78,72,6.71,moderate rain,3.38,0.0
319,Cherskiy,RU,2020-03-01 16:41:52,68.75,161.3,-9.42,91,15,9.78,few clouds,0.0,0.0
320,Calama,CL,2020-03-01 16:41:52,-22.47,-68.93,75.2,29,0,9.17,clear sky,0.0,0.0
321,Mayo,US,2020-03-01 16:41:53,38.89,-76.51,44.01,32,1,13.87,clear sky,0.0,0.0
322,Erzin,TR,2020-03-01 16:41:53,36.96,36.2,59.0,58,40,6.93,scattered clouds,0.0,0.0
323,Awjilah,LY,2020-03-01 16:41:53,29.11,21.29,65.41,30,0,7.92,clear sky,0.0,0.0
324,Martapura,ID,2020-03-01 16:41:53,-3.42,114.85,75.34,95,100,1.41,overcast clouds,0.0,0.0
325,Muisne,EC,2020-03-01 16:41:53,0.6,-80.03,80.6,88,75,6.93,broken clouds,0.0,0.0
326,Kosa,RU,2020-03-01 16:41:54,59.94,55.0,20.16,90,94,8.99,overcast clouds,0.0,0.0
327,Ambulu,ID,2020-03-01 16:41:54,-8.35,113.61,79.75,82,100,4.83,overcast clouds,0.0,0.0
328,Katobu,ID,2020-03-01 16:41:54,-4.94,122.53,75.09,96,100,2.64,moderate rain,5.38,0.0
329,Kenai,US,2020-03-01 16:41:54,60.55,-151.26,23.0,85,90,3.36,mist,0.0,0.0
330,Pitkyaranta,RU,2020-03-01 16:41:54,61.57,31.48,34.99,94,100,20.76,moderate rain,4.12,0.0
331,Norman Wells,CA,2020-03-01 16:41:55,65.28,-126.83,-13.0,75,75,4.7,broken clouds,0.0,0.0
332,Taltal,CL,2020-03-01 16:41:55,-25.4,-70.48,68.23,69,4,8.34,clear sky,0.0,0.0
333,Ono,JP,2020-03-01 16:40:32,34.85,134.93,48.99,76,90,8.05,light rain,0.0,0.0
334,Santa Rosa,PH,2020-03-01 16:41:55,14.31,121.11,78.8,69,20,5.82,few clouds,0.0,0.0
335,Srandakan,ID,2020-03-01 16:41:55,-7.94,110.25,75.4,89,100,3.47,overcast clouds,0.0,0.0
336,Ballina,AU,2020-03-01 16:41:56,-28.87,153.57,69.8,94,20,3.36,few clouds,0.0,0.0
337,Bandiagara,ML,2020-03-01 16:41:56,14.35,-3.61,87.28,5,3,8.05,clear sky,0.0,0.0
338,Chignahuapan,MX,2020-03-01 16:41:56,19.83,-98.03,78.42,25,0,5.32,clear sky,0.0,0.0
339,Boa Vista,BR,2020-03-01 16:41:56,2.82,-60.67,93.2,38,40,13.87,scattered clouds,0.0,0.0
340,Praia,CV,2020-03-01 16:41:57,14.92,-23.51,82.4,37,36,23.04,scattered clouds,0.0,0.0
341,Sao Geraldo Do Araguaia,BR,2020-03-01 16:41:57,-6.4,-48.55,85.32,74,100,2.91,light rain,1.31,0.0
342,Kuchera,IN,2020-03-01 16:41:57,26.98,73.97,70.56,37,13,11.81,few clouds,0.0,0.0
343,Kyra,RU,2020-03-01 16:41:57,49.58,111.98,4.01,86,60,4.74,broken clouds,0.0,0.0
344,Salvador,SV,2020-03-01 16:41:58,13.83,-88.92,87.8,38,78,12.75,smoke,0.0,0.0
345,Berezovyy,RU,2020-03-01 16:38:47,51.67,135.7,3.76,97,17,1.32,few clouds,0.0,0.0
346,Broome,US,2020-03-01 16:41:58,42.25,-75.83,34.0,62,75,14.99,broken clouds,0.0,0.0
347,Sao Francisco Do Sul,BR,2020-03-01 16:41:58,-26.24,-48.64,78.01,92,69,4.0,moderate rain,5.0,0.0
348,Miri,MY,2020-03-01 16:38:05,4.41,114.01,78.8,94,75,3.36,broken clouds,0.0,0.0
349,Talcahuano,CL,2020-03-01 16:41:59,-36.72,-73.12,59.0,93,90,8.05,overcast clouds,0.0,0.0
350,Luena,AO,2020-03-01 16:41:59,-11.78,19.92,69.44,69,92,2.84,overcast clouds,0.0,0.0
351,Ostrovnoy,RU,2020-03-01 16:41:59,68.05,39.51,7.09,77,97,7.07,overcast clouds,0.0,0.0
352,Bardiyah,LY,2020-03-01 16:41:59,31.76,25.09,58.44,66,0,7.85,clear sky,0.0,0.0
353,Toledo,ES,2020-03-01 16:42:00,39.83,-4.0,57.2,82,75,23.04,broken clouds,0.0,0.0
354,Saint-Pierre,RE,2020-03-01 16:42:00,-21.34,55.48,80.6,83,75,3.36,broken clouds,0.0,0.0
355,Salaga,GH,2020-03-01 16:42:00,8.55,-0.52,98.33,13,0,6.55,clear sky,0.0,0.0
356,Tuxtla,MX,2020-03-01 16:41:05,16.75,-93.12,71.6,60,5,8.05,clear sky,0.0,0.0
357,Lebedyn,UA,2020-03-01 16:42:00,50.59,34.48,39.92,62,93,15.84,overcast clouds,0.0,0.0
358,Haimen,CN,2020-03-01 16:42:01,23.19,116.61,68.0,94,75,11.18,mist,0.0,0.0
359,Opalenica,PL,2020-03-01 16:42:01,52.31,16.41,51.01,81,75,5.82,broken clouds,0.0,0.0
360,Catalao,BR,2020-03-01 16:42:01,-18.17,-47.95,77.32,78,71,3.78,light rain,0.63,0.0
361,Kimberley,ZA,2020-03-01 16:39:36,-28.73,24.76,69.8,73,100,8.05,light rain,1.06,0.0
362,Saint-Augustin,CA,2020-03-01 16:42:02,51.23,-58.65,18.37,89,40,12.12,scattered clouds,0.0,0.0
363,Pandan,PH,2020-03-01 16:42:02,14.05,124.17,77.04,76,0,8.5,clear sky,0.0,0.0
364,Iranshahr,IR,2020-03-01 16:42:02,27.2,60.68,77.0,20,0,9.17,clear sky,0.0,0.0
365,Ranong,TH,2020-03-01 16:40:05,9.97,98.63,76.78,83,2,4.18,clear sky,0.0,0.0
366,Morgan City,US,2020-03-01 16:42:03,29.7,-91.21,69.01,49,1,11.41,clear sky,0.0,0.0
367,Abu Samrah,SY,2020-03-01 16:42:03,35.3,37.18,48.67,80,1,15.35,clear sky,0.0,0.0
368,Mapiripan,CO,2020-03-01 16:42:03,2.89,-72.13,96.84,33,39,4.92,scattered clouds,0.0,0.0
369,Challapata,BO,2020-03-01 16:42:03,-18.9,-66.77,49.59,64,100,2.98,overcast clouds,0.0,0.0
370,Tuatapere,NZ,2020-03-01 16:42:04,-46.13,167.68,52.0,92,38,3.22,scattered clouds,0.0,0.0
371,Nuevitas,CU,2020-03-01 16:42:04,21.55,-77.26,73.4,49,40,23.04,scattered clouds,0.0,0.0
372,Durham,US,2020-03-01 16:39:05,36.03,-78.87,53.01,26,1,3.36,clear sky,0.0,0.0
373,Arman,RU,2020-03-01 16:42:04,59.7,150.17,9.72,77,0,5.46,clear sky,0.0,0.0
374,Monte Patria,CL,2020-03-01 16:42:04,-30.69,-70.95,81.37,33,0,9.78,clear sky,0.0,0.0
375,Guarda,PT,2020-03-01 16:41:21,40.54,-7.27,57.99,91,63,12.3,light rain,0.19,0.0
376,Lodwar,KE,2020-03-01 16:42:05,3.12,35.6,95.23,25,60,11.18,broken clouds,0.0,0.0
377,Calabozo,VE,2020-03-01 16:42:05,8.92,-67.43,99.57,28,39,5.64,scattered clouds,0.0,0.0
378,Padang,ID,2020-03-01 16:42:05,-0.95,100.35,69.17,88,100,5.23,overcast clouds,0.0,0.0
379,Nagato,JP,2020-03-01 16:42:06,34.38,131.2,48.2,87,75,1.12,broken clouds,0.0,0.0
380,Sobolevo,RU,2020-03-01 16:42:06,54.43,31.9,34.99,94,100,11.68,light snow,0.0,0.19
381,Singaraja,ID,2020-03-01 16:42:06,-8.11,115.09,82.78,75,100,4.56,overcast clouds,0.0,0.0
382,Mount Isa,AU,2020-03-01 16:42:06,-20.73,139.5,82.4,65,98,6.93,overcast clouds,0.0,0.0
383,Maniitsoq,GL,2020-03-01 16:42:07,65.42,-52.9,3.76,62,15,5.73,few clouds,0.0,0.0
384,Ulladulla,AU,2020-03-01 16:42:07,-35.35,150.47,71.6,73,44,6.93,scattered clouds,0.0,0.0
385,Sioux Lookout,CA,2020-03-01 16:39:05,50.1,-91.92,30.2,80,90,6.93,mist,0.0,0.0
386,Sitamau,IN,2020-03-01 16:42:07,24.02,75.35,69.37,24,0,7.87,clear sky,0.0,0.0
387,Asfi,MA,2020-03-01 16:42:07,32.3,-9.24,61.92,83,56,11.95,broken clouds,0.0,0.0
388,Baruni,IN,2020-03-01 16:42:07,25.48,85.98,70.36,46,0,3.44,clear sky,0.0,0.0
389,Tankhoy,RU,2020-03-01 16:42:08,51.55,105.13,13.1,95,99,4.25,light snow,0.0,1.12
390,Quilmana,PE,2020-03-01 16:42:08,-12.95,-76.38,74.91,80,49,8.37,scattered clouds,0.0,0.0
391,Maromitsa,RU,2020-03-01 16:42:08,59.87,48.01,25.14,90,53,10.36,broken clouds,0.0,0.0
392,Huarmey,PE,2020-03-01 16:42:09,-10.07,-78.15,82.67,54,56,11.14,broken clouds,0.0,0.0
393,Santa Isabel Do Rio Negro,BR,2020-03-01 16:42:09,-0.41,-65.02,92.62,47,66,2.3,broken clouds,0.0,0.0
394,Chara,RU,2020-03-01 16:42:09,56.91,118.26,-0.13,90,97,1.79,overcast clouds,0.0,0.0
395,Brigantine,US,2020-03-01 16:42:09,39.41,-74.36,44.01,35,1,19.46,clear sky,0.0,0.0
396,Porbandar,IN,2020-03-01 16:42:10,21.64,69.61,76.3,74,0,11.65,clear sky,0.0,0.0
397,Praia Da Vitoria,PT,2020-03-01 16:42:10,38.73,-27.07,71.6,64,20,22.3,few clouds,0.0,0.0
398,Ipameri,BR,2020-03-01 16:42:10,-17.72,-48.16,73.96,88,94,3.51,light rain,1.0,0.0
399,Valparaiso,CL,2020-03-01 16:39:18,-33.04,-71.63,62.6,100,90,4.7,mist,0.0,0.0
400,Lagoa,PT,2020-03-01 16:42:11,39.05,-27.98,63.54,86,99,24.45,light rain,0.38,0.0
401,Zhanaozen,KZ,2020-03-01 16:41:04,43.3,52.8,39.81,81,99,17.81,overcast clouds,0.0,0.0
402,Killarney,IE,2020-03-01 16:42:11,52.05,-9.52,44.6,65,20,16.11,few clouds,0.0,0.0
403,Bulawayo,ZW,2020-03-01 16:42:11,-20.15,28.58,63.14,73,32,12.26,scattered clouds,0.0,0.0
404,Ellisras,ZA,2020-03-01 16:42:11,-23.66,27.74,72.77,49,81,8.77,broken clouds,0.0,0.0
405,Huanren,CN,2020-03-01 16:42:12,41.26,125.37,16.84,89,56,4.54,broken clouds,0.0,0.0
406,Matamoros,MX,2020-03-01 16:42:12,25.53,-103.25,71.6,17,75,4.7,broken clouds,0.0,0.0
407,Natal,BR,2020-03-01 16:39:00,-5.79,-35.21,84.2,74,75,12.75,shower rain,0.0,0.0
408,Gazli,UZ,2020-03-01 16:42:12,40.13,63.45,56.73,49,0,6.04,clear sky,0.0,0.0
409,Jiaonan,CN,2020-03-01 16:42:12,35.88,119.98,36.0,81,26,4.47,mist,0.0,0.0
410,Agadez,NE,2020-03-01 16:42:13,19.75,10.25,76.28,11,0,6.67,clear sky,0.0,0.0
411,Drezdenko,PL,2020-03-01 16:42:13,52.84,15.83,41.16,91,85,4.74,light rain,2.06,0.0
412,Grand Baie,MU,2020-03-01 16:42:13,-20.02,57.58,80.6,88,40,2.24,scattered clouds,0.0,0.0
413,Killybegs,IE,2020-03-01 16:42:13,54.63,-8.45,42.8,70,75,20.8,light rain,0.0,0.0
414,Kasongo-Lunda,CD,2020-03-01 16:42:13,-6.47,16.82,74.91,74,2,3.31,clear sky,0.0,0.0
415,Yining,CN,2020-03-01 16:42:14,29.04,114.56,46.36,92,0,3.76,clear sky,0.0,0.0
416,Ust-Nera,RU,2020-03-01 16:42:14,64.57,143.2,-21.66,95,75,2.8,broken clouds,0.0,0.0
417,Margate,GB,2020-03-01 16:42:14,51.38,1.39,50.0,49,71,18.34,moderate rain,0.0,0.0
418,Chau Doc,VN,2020-03-01 16:42:14,10.7,105.12,74.3,83,61,3.74,broken clouds,0.0,0.0
419,Rocha,UY,2020-03-01 16:42:14,-34.48,-54.33,87.57,31,0,13.02,clear sky,0.0,0.0
420,Great Falls,US,2020-03-01 16:42:15,47.5,-111.3,28.0,73,90,4.7,light snow,0.0,0.0
421,Abu Zabad,SD,2020-03-01 16:42:15,12.35,29.25,75.94,11,5,11.01,clear sky,0.0,0.0
422,Merano,IT,2020-03-01 16:38:07,46.67,11.16,53.6,87,75,2.24,broken clouds,0.0,0.0
423,Melgar,CO,2020-03-01 16:42:15,4.2,-74.64,75.2,88,75,4.7,broken clouds,0.0,0.0
424,Durban,ZA,2020-03-01 16:39:44,-29.86,31.03,75.0,69,40,13.87,scattered clouds,0.0,0.0
425,Rio Gallegos,AR,2020-03-01 16:42:16,-51.62,-69.22,73.4,38,20,10.29,few clouds,0.0,0.0
426,Garbolovo,RU,2020-03-01 16:42:16,60.34,30.5,36.0,100,75,15.66,broken clouds,0.0,0.0
427,Churapcha,RU,2020-03-01 16:42:16,62.0,132.43,-9.17,99,0,1.23,clear sky,0.0,0.0
428,Cubarral,CO,2020-03-01 16:42:16,3.79,-73.84,86.0,51,40,3.36,haze,0.0,0.0
429,Okhotsk,RU,2020-03-01 16:42:17,59.38,143.3,3.25,63,0,4.38,clear sky,0.0,0.0
430,Goundi,TD,2020-03-01 16:42:17,9.36,17.37,90.64,12,25,2.73,scattered clouds,0.0,0.0
431,Poronaysk,RU,2020-03-01 16:42:17,49.22,143.12,9.1,96,95,2.1,overcast clouds,0.0,0.0
432,Yenagoa,NG,2020-03-01 16:42:17,4.92,6.26,84.7,68,95,8.28,light rain,1.75,0.0
433,Riyadh,SA,2020-03-01 16:40:02,24.69,46.72,78.8,13,0,4.7,clear sky,0.0,0.0
434,Ngorongoro,TZ,2020-03-01 16:42:18,-3.24,35.49,66.38,85,100,0.2,light rain,2.94,0.0
435,Collie,AU,2020-03-01 16:42:18,-33.37,116.15,61.0,38,0,11.88,clear sky,0.0,0.0
436,Eirunepe,BR,2020-03-01 16:42:18,-6.66,-69.87,82.56,87,61,3.8,moderate rain,5.81,0.0
437,Baruun-Urt,MN,2020-03-01 16:42:18,46.68,113.28,14.13,95,100,4.12,light snow,0.0,0.25
438,Vaitape,PF,2020-03-01 16:42:18,-16.52,-151.75,81.75,80,97,26.46,light rain,1.0,0.0
439,Ambilobe,MG,2020-03-01 16:42:19,-13.2,49.05,77.05,93,30,5.41,light rain,0.25,0.0
440,Rudnya,RU,2020-03-01 16:42:19,54.95,31.09,37.4,93,90,13.42,overcast clouds,0.0,0.0
441,Shelton,US,2020-03-01 16:37:22,41.32,-73.09,36.0,29,1,14.99,clear sky,0.0,0.0
442,Concordia,AR,2020-03-01 16:42:19,-31.39,-58.02,90.0,46,20,4.7,few clouds,0.0,0.0
443,Cardston,CA,2020-03-01 16:42:19,49.2,-113.3,24.8,79,40,3.36,scattered clouds,0.0,0.0
444,Castelu,RO,2020-03-01 16:42:20,44.25,28.33,42.8,93,66,14.99,broken clouds,0.0,0.0
445,Sorland,NO,2020-03-01 16:42:20,67.67,12.69,30.2,63,20,25.28,few clouds,0.0,0.0
446,Amahai,ID,2020-03-01 16:42:20,-3.33,128.92,83.43,79,100,3.33,light rain,1.0,0.0
447,Shache,CN,2020-03-01 16:42:20,38.42,77.24,44.01,35,63,1.01,broken clouds,0.0,0.0
448,Shu,KZ,2020-03-01 16:42:21,43.6,73.76,47.07,46,1,5.19,clear sky,0.0,0.0
449,Sabla,NG,2020-03-01 16:42:21,12.75,4.71,90.63,12,18,7.07,few clouds,0.0,0.0
450,Kashi,CN,2020-03-01 16:42:21,39.45,75.98,46.4,31,43,6.71,scattered clouds,0.0,0.0
451,Esil,KZ,2020-03-01 16:41:05,51.96,66.4,22.48,90,99,4.25,overcast clouds,0.0,0.0
452,Tazovskiy,RU,2020-03-01 16:42:21,67.47,78.7,22.95,85,100,16.49,overcast clouds,0.0,0.0
453,Tevaitoa,PF,2020-03-01 16:42:22,-16.78,-151.5,81.43,82,100,25.21,light rain,1.81,0.0
454,Payyannur,IN,2020-03-01 16:42:22,12.1,75.2,82.4,78,40,2.24,haze,0.0,0.0
455,Omboue,GA,2020-03-01 16:42:22,-1.57,9.26,78.55,89,66,6.2,light rain,1.19,0.0
456,Codrington,AU,2020-03-01 16:42:22,-38.27,141.97,56.98,70,70,23.91,light rain,0.12,0.0
457,Dargaville,NZ,2020-03-01 16:42:22,-35.93,173.88,66.51,83,100,5.08,overcast clouds,0.0,0.0
458,San Patricio,MX,2020-03-01 16:42:23,19.22,-104.7,82.4,74,5,6.93,clear sky,0.0,0.0
459,Kaspiyskiy,RU,2020-03-01 16:42:23,45.39,47.37,38.91,68,100,6.13,overcast clouds,0.0,0.0
460,Rehoboth,NA,2020-03-01 16:42:23,-23.32,17.08,68.76,70,87,13.31,overcast clouds,0.0,0.0
461,Aldan,RU,2020-03-01 16:42:23,58.6,125.39,-3.71,99,100,3.69,light snow,0.0,0.13
462,Road Town,VG,2020-03-01 16:42:16,18.42,-64.62,82.4,65,20,6.93,few clouds,0.0,0.0
463,Ca Mau,VN,2020-03-01 16:42:24,9.18,105.15,72.84,95,100,3.13,overcast clouds,0.0,0.0
464,Leticia,CO,2020-03-01 16:42:24,-4.22,-69.94,80.6,94,75,4.7,light rain,0.0,0.0
465,Lata,PT,2020-03-01 16:42:25,40.16,-8.33,61.0,93,75,14.99,broken clouds,0.0,0.0
466,Honiara,SB,2020-03-01 16:42:25,-9.43,159.95,78.8,100,20,2.24,few clouds,0.0,0.0
467,Kedrovyy,RU,2020-03-01 16:42:26,56.17,91.82,6.8,84,56,4.07,broken clouds,0.0,0.0
468,Samsun,TR,2020-03-01 16:42:26,41.25,36.33,44.6,65,44,1.61,scattered clouds,0.0,0.0
469,Severo-Kurilsk,RU,2020-03-01 16:42:26,50.68,156.12,19.13,92,98,4.72,light snow,0.0,0.25
470,Staryy Nadym,RU,2020-03-01 16:42:26,65.61,72.68,17.26,89,1,12.57,clear sky,0.0,0.0
471,Quatre Cocos,MU,2020-03-01 16:42:27,-20.21,57.76,80.6,88,40,2.24,scattered clouds,0.0,0.0
472,Willemstad,CW,2020-03-01 16:42:27,12.11,-68.93,86.0,55,20,14.99,few clouds,0.0,0.0
473,Alihe,CN,2020-03-01 16:42:27,50.57,123.72,13.1,96,100,1.01,overcast clouds,0.0,0.0
474,Ariquemes,BR,2020-03-01 16:42:27,-9.91,-63.04,74.44,98,100,3.62,moderate rain,5.69,0.0
475,Akdepe,TM,2020-03-01 16:42:28,42.06,59.38,51.8,61,40,6.93,scattered clouds,0.0,0.0
476,Chadiza,ZM,2020-03-01 16:42:28,-14.07,32.44,62.46,98,74,6.33,broken clouds,0.0,0.0
477,Wattegama,LK,2020-03-01 16:42:28,6.8,81.48,78.8,94,40,4.7,scattered clouds,0.0,0.0
478,Terebovlya,UA,2020-03-01 16:42:28,49.3,25.71,42.39,74,82,6.13,broken clouds,0.0,0.0
479,Blagoyevo,RU,2020-03-01 16:42:28,63.37,47.92,17.47,87,89,8.9,overcast clouds,0.0,0.0
480,Agirish,RU,2020-03-01 16:42:29,61.92,63.02,20.48,87,56,10.29,broken clouds,0.0,0.0
481,Lahat,ID,2020-03-01 16:42:29,-3.8,103.53,68.02,96,100,4.52,moderate rain,3.19,0.0
482,Ouallam,NE,2020-03-01 16:42:29,14.32,2.09,81.55,10,86,1.21,overcast clouds,0.0,0.0
483,Naron,ES,2020-03-01 16:42:29,43.52,-8.15,55.99,76,75,16.11,light rain,0.0,0.0
484,Ixtapa,MX,2020-03-01 16:42:30,20.7,-105.2,78.01,73,5,2.24,clear sky,0.0,0.0
485,Port Pirie,AU,2020-03-01 16:42:30,-33.18,138.02,69.8,83,90,11.41,overcast clouds,0.0,0.0
486,Bavly,RU,2020-03-01 16:42:30,54.39,53.26,20.53,89,74,5.99,broken clouds,0.0,0.0
487,General Roca,AR,2020-03-01 16:42:30,-39.03,-67.58,91.4,31,0,6.93,clear sky,0.0,0.0
488,Bonavista,CA,2020-03-01 16:42:30,48.65,-53.11,27.12,77,96,14.65,overcast clouds,0.0,0.0
489,Sola,VU,2020-03-01 16:42:31,-13.88,167.55,83.39,82,57,15.57,light rain,1.69,0.0
490,Ramotswa,BW,2020-03-01 16:42:31,-24.87,25.87,71.6,53,75,6.93,broken clouds,0.0,0.0
491,Vila Do Maio,CV,2020-03-01 16:42:31,15.13,-23.22,82.4,37,58,23.04,broken clouds,0.0,0.0
492,Glendive,US,2020-03-01 16:42:31,47.11,-104.71,30.0,68,90,29.97,overcast clouds,0.0,0.0
493,Russell,US,2020-03-01 16:42:31,32.35,-85.2,62.01,38,1,4.7,clear sky,0.0,0.0
494,Sarangani,PH,2020-03-01 16:42:32,5.4,125.46,81.84,81,76,25.64,broken clouds,0.0,0.0
495,Chaman,PK,2020-03-01 16:42:32,30.92,66.45,54.99,40,48,3.36,scattered clouds,0.0,0.0
496,Yeppoon,AU,2020-03-01 16:42:32,-23.13,150.73,75.2,88,0,3.36,clear sky,0.0,0.0
497,Henties Bay,NA,2020-03-01 16:42:33,-22.12,14.28,69.48,72,7,8.59,clear sky,0.0,0.0
498,Cascais,PT,2020-03-01 16:41:38,38.7,-9.42,61.0,87,75,13.87,broken clouds,0.0,0.0
499,Craig,US,2020-03-01 16:42:33,40.52,-107.55,41.0,68,90,6.6,overcast clouds,0.0,0.0
500,Kathmandu,NP,2020-03-01 16:41:29,27.72,85.32,57.2,82,20,3.65,few clouds,0.0,0.0
501,Westport,US,2020-03-01 16:39:27,41.14,-73.36,37.99,24,1,16.11,clear sky,0.0,0.0
502,Kismayo,SO,2020-03-01 16:42:34,-0.36,42.55,81.41,80,35,12.55,scattered clouds,0.0,0.0
503,Pemangkat,ID,2020-03-01 16:42:34,1.17,108.97,76.6,90,100,7.02,overcast clouds,0.0,0.0
504,Sorong,ID,2020-03-01 16:42:34,-0.88,131.25,74.98,99,100,2.46,light rain,1.81,0.0
505,Acapulco,MX,2020-03-01 16:40:18,16.86,-99.89,84.2,70,5,8.48,clear sky,0.0,0.0
506,Aksarka,RU,2020-03-01 16:42:34,66.56,67.8,16.41,92,43,13.38,scattered clouds,0.0,0.0
507,Vanimo,PG,2020-03-01 16:42:35,-2.67,141.3,83.3,79,61,10.85,light rain,0.63,0.0
508,Goderich,CA,2020-03-01 16:42:35,43.75,-81.72,34.0,73,75,13.0,broken clouds,0.0,0.0
509,Alindao,CF,2020-03-01 16:42:35,5.03,21.21,85.41,38,39,6.02,scattered clouds,0.0,0.0
510,Cravo Norte,CO,2020-03-01 16:42:35,6.3,-70.2,99.43,28,2,8.34,clear sky,0.0,0.0
511,Dzhebariki-Khaya,RU,2020-03-01 16:42:35,62.22,135.8,-7.89,92,0,0.6,clear sky,0.0,0.0
512,Havelock,US,2020-03-01 16:42:36,34.88,-76.9,48.2,26,1,5.82,clear sky,0.0,0.0
513,Jalor,IN,2020-03-01 16:42:36,25.35,72.62,72.95,32,0,9.4,clear sky,0.0,0.0
514,Arkhipo-Osipovka,RU,2020-03-01 16:42:36,44.37,38.52,38.01,83,100,5.66,overcast clouds,0.0,0.0
515,Neiafu,TO,2020-03-01 16:42:36,-18.65,-173.98,77.0,94,20,14.56,few clouds,0.0,0.0
516,Jacmel,HT,2020-03-01 16:42:36,18.23,-72.53,80.6,65,75,11.41,broken clouds,0.0,0.0
517,Kavaratti,IN,2020-03-01 16:42:37,10.57,72.64,83.79,66,37,2.59,scattered clouds,0.0,0.0
518,Saint-Joseph,RE,2020-03-01 16:42:37,-21.37,55.62,80.6,83,75,3.36,broken clouds,0.0,0.0
519,Guadalajara,MX,2020-03-01 16:40:53,20.67,-103.33,75.99,40,5,6.64,clear sky,0.0,0.0
520,Gawler,AU,2020-03-01 16:42:37,-34.6,138.73,64.0,77,90,11.41,overcast clouds,0.0,0.0
521,Caravelas,BR,2020-03-01 16:39:07,-17.71,-39.25,82.24,69,63,8.84,broken clouds,0.0,0.0
522,Novyy Urengoy,RU,2020-03-01 16:42:38,66.08,76.63,23.54,88,100,11.81,light snow,0.0,0.13
523,Marabba,SD,2020-03-01 16:42:38,12.35,32.18,81.16,10,20,11.16,few clouds,0.0,0.0
524,Letterkenny,IE,2020-03-01 16:42:38,54.95,-7.73,42.8,70,75,20.8,light rain,0.0,0.0
525,Bad Camberg,DE,2020-03-01 16:42:38,50.3,8.27,53.01,61,90,4.7,light rain,0.0,0.0
526,Mizdah,LY,2020-03-01 16:42:38,31.45,12.98,64.92,21,24,0.69,few clouds,0.0,0.0
527,Vung Tau,VN,2020-03-01 16:40:16,10.35,107.08,78.31,77,100,16.64,overcast clouds,0.0,0.0
528,Vedi,AM,2020-03-01 16:42:39,39.91,44.72,48.2,56,20,13.87,few clouds,0.0,0.0
529,Agropoli,IT,2020-03-01 16:42:39,40.35,15.0,62.6,51,40,13.87,scattered clouds,0.0,0.0
530,Verkhnevilyuysk,RU,2020-03-01 16:42:39,63.45,120.32,-8.63,99,97,2.24,overcast clouds,0.0,0.0
531,Wewak,PG,2020-03-01 16:42:39,-3.55,143.63,77.23,85,85,4.59,light rain,1.81,0.0
532,Abnub,EG,2020-03-01 16:42:40,27.27,31.15,58.12,34,0,11.41,clear sky,0.0,0.0
533,Villaviciosa,ES,2020-03-01 16:42:40,43.48,-5.44,64.0,42,40,19.46,scattered clouds,0.0,0.0
534,Oxapampa,PE,2020-03-01 16:42:40,-10.58,-75.4,54.05,99,100,1.57,moderate rain,9.31,0.0
535,San Jose,US,2020-03-01 16:38:55,37.34,-121.89,50.0,70,75,3.36,broken clouds,0.0,0.0
536,Trairi,BR,2020-03-01 16:42:41,-3.28,-39.27,82.18,82,95,5.01,moderate rain,4.44,0.0
537,Banepa,NP,2020-03-01 16:42:41,27.63,85.52,57.2,82,20,3.65,few clouds,0.0,0.0
538,Nikolayevka,RU,2020-03-01 16:42:41,53.13,47.2,26.92,93,29,7.27,scattered clouds,0.0,0.0
539,Usinsk,RU,2020-03-01 16:42:41,65.99,57.53,14.83,92,93,13.38,overcast clouds,0.0,0.0
540,Port Hardy,CA,2020-03-01 16:39:00,50.7,-127.42,35.6,93,90,3.36,overcast clouds,0.0,0.0
541,Soure,BR,2020-03-01 16:42:42,-0.72,-48.52,82.49,83,84,8.1,moderate rain,3.13,0.0
542,Broken Hill,AU,2020-03-01 16:42:42,-31.95,141.43,73.4,49,99,17.22,overcast clouds,0.0,0.0
543,Port Moresby,PG,2020-03-01 16:41:22,-9.44,147.18,77.0,100,40,3.36,scattered clouds,0.0,0.0
544,Romitan,UZ,2020-03-01 16:42:42,39.93,64.38,55.4,71,0,4.7,clear sky,0.0,0.0
545,Hay River,CA,2020-03-01 16:42:06,60.82,-115.8,-9.4,76,75,10.29,broken clouds,0.0,0.0
546,Manokwari,ID,2020-03-01 16:42:43,-0.87,134.08,74.59,88,97,3.31,light rain,0.44,0.0
547,Bilibino,RU,2020-03-01 16:42:43,68.05,166.44,-17.25,100,100,1.34,overcast clouds,0.0,0.0
548,San Quintin,MX,2020-03-01 16:42:43,30.48,-115.95,59.41,67,100,8.19,overcast clouds,0.0,0.0
549,Ko Samui,TH,2020-03-01 16:41:24,9.54,99.94,80.82,75,27,12.39,scattered clouds,0.0,0.0
550,Whitefish,US,2020-03-01 16:42:44,48.41,-114.34,33.01,80,90,3.36,overcast clouds,0.0,0.0
551,Whitianga,NZ,2020-03-01 16:42:44,-36.83,175.7,69.01,82,100,7.0,light rain,0.13,0.0
552,Bilma,NE,2020-03-01 16:42:44,18.69,12.92,79.92,11,0,8.28,clear sky,0.0,0.0
553,Muroto,JP,2020-03-01 16:42:45,33.28,134.15,49.66,94,100,2.59,light rain,0.25,0.0
554,Udachnyy,RU,2020-03-01 16:42:45,66.42,112.4,-5.8,91,3,4.47,clear sky,0.0,0.0
